{
    "name": "PragmaticPlayerJs",
    "title": "Easy-to-customize responsive player for embedded Youtube or HTML5 videos",
    "description": "This player has adapters for Youtube and HTML video APIs. So you can use it as customizable Youtube player or as HTML video player with fallback to Youtube player if the user browser doesn't support HTML5 video element.",
    "version": "0.2.4",
    "author": {
        "name": "Dmitry Sheiko",
        "url": "http://dsheiko.com"
    },
    "homepage": "http://demo.dsheiko.com/pplayer/",
    "dependencies": {
        "jquery": ">= 1.7.1"
    },
    "licenses": [
    	{
    		"type": "MIT",
    		"url": "http://github.com/fawek/codepainter/raw/master/LICENSE"
    	}
    ],
    "maintainers": [
    	{
    		"name": "Dmitry Sheiko",
    		"email": "me@dsheiko.com",
    		"web": "http://dsheiko.com"
    	}
    ],
    "repositories": [
    	{
            "type": "git",
            "url": "https://github.com/dsheiko/PragmaticPlayerJs"
    	}
    ]
}